Setting,Detector 1,Detector 2,Detector 3
Amplitude [V],0.018267512695794623,0.07139094762201519,0.048938967712286056
Offset [V],0.08426562698131577,0.09456624239436559,0.06836820736688454
Output Phases [deg],0.0,161.64019848285434,227.54839646542626
Response Phases [rad],0.0,0.0,0.0
