Setting,Detector 1,Detector 2,Detector 3
Amplitude [V],0.1552915878040177,0.13726562235365336,0.2584946983663465
Offset [V],0.17477731433712965,0.17583166291863345,0.4566037554586437
Output Phases [deg],0.0,318.6425875932336,173.47124131778793
Response Phases [rad],2.05,1.0,2.03
