Setting,Detector 1,Detector 2,Detector 3
Amplitude [V],0.1723534098779535,0.0858740658049634,0.1012922097989765
Offset [V],0.266612253414369,0.1409671923227199,0.1103173648211971
Output Phases [deg],0.0,250.38368974471675,158.4992379267899
Response Phases [rad],1.05,1.05,1.05
