Setting,Detector 1,Detector 2,Detector 3
Amplitude [V],1.2092253162058284,1.4337197133681274,0.9443864391665574
Offset [V],1.5491875223370906,1.7652292118647064,1.683357205127506
Output Phases [deg],0.0,128.34401140131968,215.63642451799032
Response Phases [rad],2.175,2.175,2.175
