Setting,Detector 1,Detector 2,Detector 3
Amplitude [V],1.4862894331856955,1.511243333685159,1.393494320309408
Offset [V],1.6372202081001073,1.6610186875690958,1.5088446787846492
Output Phases [deg],0.0,123.19395038292234,242.59488887850037
Response Phases [rad],2.05,1.0,2.03
