Setting,Detector 1,Detector 2,Detector 3
Amplitude [V],0.08322018710469607,0.10759309537538397,0.10228733246527344
Offset [V],0.1528841372841661,0.15427101834905038,0.12571701318494843
Output Phases [deg],0.0,112.60029893195606,179.5906249311928
Response Phases [rad],2.0,2.0,2.0
