Setting,Detector 1,Detector 2,Detector 3
Amplitude [V],0.5706200233063519,0.2792885063089305,0.6844167058414827
Offset [V],1.549091333607904,0.6876579066725368,1.7145325808637133
Output Phases [deg],0.0,102.70140684123072,223.40054063314764
Response Phases [rad],2.05,2.02,2.03
