Setting,Detector 1,Detector 2,Detector 3
Amplitude [V],0.7903806377790146,0.3453541833342788,0.9974218311730436
Offset [V],1.008198438720996,0.4244887791207693,1.2212674162987616
Output Phases [deg],0.0,109.43961792661926,220.41297669959573
Response Phases [rad],2.05,2.02,2.03
