Setting,Detector 1,Detector 2,Detector 3
Amplitude [V],1.1539795068214083,0.4435147614731531,1.1514553521843292
Offset [V],1.2646686597348424,0.48998171455155004,1.3016198113460327
Output Phases [deg],0.0,109.24043010400948,218.13090784691337
Response Phases [deg],141.04,129.99,135.02
