Setting,Detector 1,Detector 2,Detector 3
Amplitude [V],1.4863142841729748,1.5112181201190251,1.3935352894159432
Offset [V],1.6371893265443922,1.6610389803378913,1.5088519422345352
Output Phases [deg],0.0,123.18910987367138,242.58967363826437
Response Phases [rad],2.05,1.0,2.03
