Setting,Detector 1,Detector 2,Detector 3
Amplitude [V],0.13419517749440674,0.15184413367086963,0.24332077267536265
Offset [V],0.1609517486267983,0.18999028317893255,0.47036135596153816
Output Phases [deg],0.0,352.61703050868124,180.00622124577265
Response Phases [rad],2.05,1.0,2.03
