Setting,Detector 1,Detector 2,Detector 3
Amplitude [V],0.22272855964592947,0.5244695387240457,0.6059365977926661
Offset [V],0.3762861848399342,0.5445046110600191,1.0499379667598803
Output Phases [deg],0.0,263.2534253667437,101.85246307833906
Response Phases [rad],2.05,2.02,2.03
