Setting,Detector 1,Detector 2,Detector 3
Amplitude [V],0.0150325986836653,0.0050855505602561,0.0109004843657892
Offset [V],0.0283544047183924,0.0077688725022777,0.0114345289147677
Output Phases [deg],0.0,130.64382161684003,230.54059793997988
Response Phases [rad],0.0,0.0,0.0
