Setting,Detector 1,Detector 2,Detector 3
Amplitude [V],0.015032598683665325,0.005085550560256196,0.010900484365789208
Offset [V],0.02835440471839244,0.007768872502277727,0.011434528914767757
Output Phases [deg],0.0,130.64382161684003,230.54059793997988
Response Phases [rad],2.51,2.09,2.29
